"No.","Time","Source","Destination","Protocol","Length","Data","Info"
"175","160.492804","135.13.216.191","172.16.112.100","FTP","80","","Request: PORT 135,13,216,191,4,25"
"176","160.493082","172.16.112.100","135.13.216.191","FTP","84","","Response: 200 PORT command successful."
"177","160.493985","135.13.216.191","172.16.112.100","FTP","65","","Request: RETR atrm"
"178","160.510965","172.16.112.100","135.13.216.191","FTP","118","","Response: 150 Opening BINARY mode data connection for atrm(30448 bytes)."
"179","160.511469","172.16.112.100","135.13.216.191","TCP","60","","20  >  1049 [SYN] Seq=0 Win=8192 Len=0 MSS=1460"
"180","160.512256","135.13.216.191","172.16.112.100","TCP","60","","1049  >  20 [SYN, ACK] Seq=0 Ack=1 Win=32736 Len=0 MSS=1460"
"181","160.512379","172.16.112.100","135.13.216.191","TCP","60","","20  >  1049 [ACK] Seq=1 Ack=1 Win=8760 Len=0"
"182","160.531517","135.13.216.191","172.16.112.100","TCP","60","","1024  >  21 [ACK] Seq=209 Ack=672 Win=32120 Len=0"
"185","160.561511","135.13.216.191","172.16.112.100","TCP","60","","1049  >  20 [ACK] Seq=1 Ack=2921 Win=32736 Len=0"
"189","160.571515","135.13.216.191","172.16.112.100","TCP","60","","1049  >  20 [ACK] Seq=1 Ack=7301 Win=32736 Len=0"
"194","160.581505","135.13.216.191","172.16.112.100","TCP","60","","1049  >  20 [ACK] Seq=1 Ack=13141 Win=32736 Len=0"
"200","160.591502","135.13.216.191","172.16.112.100","TCP","60","","1049  >  20 [ACK] Seq=1 Ack=20441 Win=32736 Len=0"
"207","160.601511","135.13.216.191","172.16.112.100","TCP","60","","1049  >  20 [ACK] Seq=1 Ack=29201 Win=32736 Len=0"
"209","160.621490","135.13.216.191","172.16.112.100","TCP","60","","1049  >  20 [ACK] Seq=1 Ack=30449 Win=32736 Len=0"
"210","160.621701","172.16.112.100","135.13.216.191","TCP","60","","20  >  1049 [FIN, ACK] Seq=30449 Ack=1 Win=8760 Len=0"
"211","160.621862","172.16.112.100","135.13.216.191","FTP","78","","Response: 226 Transfer complete."
"212","160.622367","135.13.216.191","172.16.112.100","TCP","60","","1049  >  20 [ACK] Seq=1 Ack=30450 Win=32735 Len=0"
"213","160.622565","135.13.216.191","172.16.112.100","TCP","60","","1049  >  20 [FIN, ACK] Seq=1 Ack=30450 Win=32736 Len=0"
"214","160.622706","172.16.112.100","135.13.216.191","TCP","60","","20  >  1049 [ACK] Seq=30450 Ack=2 Win=8760 Len=0"
"215","160.641511","135.13.216.191","172.16.112.100","TCP","60","","1024  >  21 [ACK] Seq=209 Ack=696 Win=32120 Len=0"
"217","164.409807","172.16.0.1","224.0.0.9","RIPv2","86","","Response"
"218","170.271822","172.16.112.20","172.16.112.10","NTP","90","","NTP Version 3, client"
"219","170.272269","172.16.112.10","172.16.112.20","NTP","90","","NTP Version 3, server"
"220","171.331514","172.16.112.20","172.16.255.255","RIPv1","66","","Response"
"221","171.331729","172.16.112.20","172.16.118.255","RIPv1","66","","Response"
"222","171.540466","135.13.216.191","172.16.112.100","FTP","60","","Request: QUIT"
"223","171.540748","172.16.112.100","135.13.216.191","FTP","60","","Response: 221 "
"224","171.540901","172.16.112.100","135.13.216.191","TCP","60","","21  >  1024 [FIN, ACK] Seq=702 Ack=215 Win=8546 Len=0"
"225","171.541629","135.13.216.191","172.16.112.100","TCP","60","","1024  >  21 [ACK] Seq=215 Ack=703 Win=32120 Len=0"
"226","171.541824","135.13.216.191","172.16.112.100","TCP","60","","1024  >  21 [FIN, ACK] Seq=215 Ack=703 Win=32120 Len=0"
"227","171.541974","172.16.112.100","135.13.216.191","TCP","60","","21  >  1024 [ACK] Seq=703 Ack=216 Win=8546 Len=0"
"228","172.390157","192.168.1.10","172.16.112.10","NTP","90","","NTP Version 3, symmetric active"
"230","179.136418","172.16.113.50","172.16.112.10","NTP","90","","NTP Version 3, client"
"231","179.136806","172.16.112.10","172.16.113.50","NTP","90","","NTP Version 3, server"
"233","185.264992","172.16.112.50","172.16.112.10","NTP","90","","NTP Version 3, client"
"234","185.265408","172.16.112.10","172.16.112.50","NTP","90","","NTP Version 3, server"
"235","190.546608","172.16.0.1","224.0.0.9","RIPv2","86","","Response"
"238","201.324874","172.16.112.20","172.16.255.255","RIPv1","66","","Response"
"239","201.325015","172.16.112.20","172.16.118.255","RIPv1","66","","Response"
"240","201.616171","172.16.114.50","172.16.112.10","NTP","90","","NTP Version 3, client"
"241","201.616626","172.16.112.10","172.16.114.50","NTP","90","","NTP Version 3, server"
"243","206.102953","192.168.1.10","172.16.112.20","DNS","77","","Standard query 0x0f84 A marx.eyrie.af.mil"
"244","206.104061","172.16.112.20","192.168.1.10","DNS","142","","Standard query response 0x0f84 A marx.eyrie.af.mil A 172.16.114.50 NS hobbes.eyrie.af.mil A 172.16.112.20"
"245","206.109985","196.37.75.158","172.16.114.50","TCP","60","","1052  >  25 [SYN] Seq=0 Win=512 Len=0 MSS=1460"
"248","206.112077","172.16.114.50","196.37.75.158","TCP","60","","25  >  1052 [SYN, ACK] Seq=0 Ack=1 Win=31744 Len=0 MSS=1460"
"249","206.115076","196.37.75.158","172.16.114.50","TCP","60","","1052  >  25 [ACK] Seq=1 Ack=1 Win=32120 Len=0"
"252","206.117549","172.16.114.50","172.16.112.20","DNS","86","","Standard query 0x8d06 PTR 158.75.37.196.in-addr.arpa"
"253","206.117978","172.16.112.20","192.168.1.20","DNS","86","","Standard query 0x4ff3 PTR 158.75.37.196.in-addr.arpa"
"254","206.122371","192.168.1.20","172.16.112.20","DNS","152","","Standard query response 0x4ff3 No such name PTR 158.75.37.196.in-addr.arpa SOA aesop.world.net"
"255","206.122967","172.16.112.20","172.16.114.50","DNS","152","","Standard query response 0x8d06 No such name PTR 158.75.37.196.in-addr.arpa SOA aesop.world.net"
"256","206.186164","172.16.114.50","196.37.75.158","TCP","60","","6724  >  113 [SYN] Seq=0 Win=512 Len=0 MSS=1460"
"257","206.186884","196.37.75.158","172.16.114.50","TCP","60","","113  >  6724 [SYN, ACK] Seq=0 Ack=1 Win=32736 Len=0 MSS=1460"
"258","206.187109","172.16.114.50","196.37.75.158","TCP","60","","6724  >  113 [ACK] Seq=1 Ack=1 Win=31744 Len=0"
"259","206.187229","172.16.114.50","196.37.75.158","TCP","63","313035322c32350d0a","6724  >  113 [PSH, ACK] Seq=1 Ack=1 Win=31744 Len=9"
"260","206.202392","196.37.75.158","172.16.114.50","TCP","60","","113  >  6724 [ACK] Seq=1 Ack=10 Win=32727 Len=0"
"261","206.271938","192.168.1.10","172.16.112.20","DNS","86","","Standard query 0x0f85 PTR 50.114.16.172.in-addr.arpa"
"262","206.273007","172.16.112.20","192.168.1.10","DNS","173","","Standard query response 0x0f85 PTR 50.114.16.172.in-addr.arpa PTR marx.eyrie.af.mil NS hobbes.eyrie.af.mil A 172.16.112.20"
"263","206.280541","196.37.75.158","172.16.114.50","TCP","92","31303532202c203235203a20555345524944203a204f5448...","113  >  6724 [PSH, ACK] Seq=1 Ack=10 Win=32736 Len=38"
"264","206.280792","172.16.114.50","196.37.75.158","TCP","60","","6724  >  113 [FIN, ACK] Seq=10 Ack=39 Win=31744 Len=0"
"265","206.280903","196.37.75.158","172.16.114.50","TCP","60","","113  >  6724 [FIN, ACK] Seq=39 Ack=10 Win=32736 Len=0"
"266","206.281127","172.16.114.50","196.37.75.158","TCP","60","","6724  >  113 [ACK] Seq=11 Ack=40 Win=31744 Len=0"
"267","206.281905","196.37.75.158","172.16.114.50","TCP","60","","113  >  6724 [ACK] Seq=40 Ack=11 Win=32735 Len=0"
"268","206.354926","172.16.114.50","196.37.75.158","SMTP","136","","S: 220 marx.eyrie.af.mil ESMTP Sendmail 8.8.0/8.8.5; Sat, 7 Aug 1999 08:03:35 -0400"
"269","206.372388","196.37.75.158","172.16.114.50","TCP","60","","1052  >  25 [ACK] Seq=1 Ack=83 Win=32120 Len=0"
"270","206.392806","196.37.75.158","172.16.114.50","SMTP","79","","C: EHLO jupiter.cherry.org"
"271","206.393401","172.16.114.50","196.37.75.158","SMTP","222","","S: 250 marx.eyrie.af.mil Hello christoa@[196.37.75.158], pleased to meet you | 250 EXPN | 250 VERB | 250 8BITMIME | 250 SIZE | 250 DSN | 250 ONEX | 250 ETRN | 250 XUSR | 250 HELP"
"272","206.394661","196.37.75.158","172.16.114.50","SMTP","95","","C: MAIL From:<christoa@jupiter.cherry.org>"
"273","206.405031","172.16.114.50","196.37.75.158","TCP","60","","25  >  1052 [ACK] Seq=251 Ack=67 Win=31744 Len=0"
"274","206.507615","172.16.114.50","172.16.112.20","DNS","78","","Standard query 0x8d07 ANY jupiter.cherry.org"
"275","206.508369","172.16.112.20","192.168.1.20","DNS","78","","Standard query 0x4ff4 ANY jupiter.cherry.org"
"276","206.512649","192.168.1.20","172.16.112.20","DNS","134","","Standard query response 0x4ff4 ANY jupiter.cherry.org NS calvin.world.net A 192.168.1.10"
"277","206.513194","172.16.112.20","192.168.1.10","DNS","78","","Standard query 0x4ff5 ANY jupiter.cherry.org"
"278","206.514947","192.168.1.10","172.16.112.20","DNS","150","","Standard query response 0x4ff5 ANY jupiter.cherry.org A 196.37.75.158 MX 10 jupiter.cherry.org NS jupiter.cherry.org A 196.37.75.158"
"279","206.515505","172.16.112.20","172.16.114.50","DNS","150","","Standard query response 0x8d07 ANY jupiter.cherry.org A 196.37.75.158 MX 10 jupiter.cherry.org NS jupiter.cherry.org A 196.37.75.158"
"280","206.520491","172.16.114.50","196.37.75.158","SMTP","102","","S: 250 <christoa@jupiter.cherry.org>... Sender ok"
"281","206.521422","196.37.75.158","172.16.114.50","SMTP","92","","C: RCPT To:<leandere@marx.eyrie.af.mil>"
"282","206.522232","172.16.114.50","172.16.112.20","DNS","77","","Standard query 0x8d08 ANY marx.eyrie.af.mil"
"283","206.522749","172.16.112.20","172.16.114.50","DNS","174","","Standard query response 0x8d08 ANY marx.eyrie.af.mil MX 10 marx.eyrie.af.mil A 172.16.114.50 NS hobbes.eyrie.af.mil A 172.16.114.50 A 172.16.112.20"
"284","206.525629","172.16.114.50","196.37.75.158","SMTP","104","","S: 250 <leandere@marx.eyrie.af.mil>... Recipient ok"
"285","206.526468","196.37.75.158","172.16.114.50","SMTP","60","","C: DATA"
"286","206.527148","172.16.114.50","196.37.75.158","SMTP","104","","S: 354 Enter mail, end with ""."" on a line by itself"
"287","206.529619","196.37.75.158","172.16.114.50","SMTP","1078","","C: DATA fragment, 1024 bytes"
"288","206.545006","172.16.114.50","196.37.75.158","TCP","60","","25  >  1052 [ACK] Seq=399 Ack=1135 Win=31744 Len=0"
"289","206.546988","196.37.75.158","172.16.114.50","IMF","875","","subject: Sync of view from, , Sync of view from you need done is traceable back in an interface, ask  , You use a little Smalltalk Examples.   ,   , Re.  Guest login to count on The no Risk tend to sst: Host mail me and  , of The Lisp test has been in his example it to Neural Although I'm for  , schedule, a fault, scenarios were to Four pages file red network to now  , but for the rest of a stash in a report is Available with them in The  , approach, from the between The flight Boston, MA phone.  N y X N M.   , Does not be directly to The initial conditions, For systems and  , representation Representations.   ,   ,     In The Real time interrupt, will be present, some time we and  ,     that.   ,   ,     Hi, here is large set up is long before of options.  We take a  ,     demo program at on Thursday, The of The author and application  ,     program.  Subject.   ,   ,     How one and Integer, real double static float got is very fast,  ,     since ribosomes work on Friday September, Neural Net Concepts  ,     considered acceptable performance in fact there are at a.  Our  ,     electronics The certain these only prices and The potential  ,     breakthrough is Section should chosen.  All over.   ,   ,     Is an the keyboard input space overflows today Rob: just like Un  ,     pipe is with The List file.  Five licenses are used throughout  ,     Chapter Date.  Great excuse for The annual the number of media Lab  ,     in actual foundation mass for Words, headline.   ,   ,     Wed, Edt from verbal The at the files I think you're and down  ,     the fields to and assigned; an important get.   "
"290","206.565001","172.16.114.50","196.37.75.158","TCP","60","","25  >  1052 [ACK] Seq=399 Ack=1956 Win=31744 Len=0"
"291","206.671369","172.16.114.50","196.37.75.158","SMTP","98","","S: 250 IAA16925 Message accepted for delivery"
"292","206.672128","196.37.75.158","172.16.114.50","SMTP","60","","C: QUIT"
"293","206.684999","172.16.114.50","196.37.75.158","TCP","60","","25  >  1052 [ACK] Seq=443 Ack=1962 Win=31744 Len=0"
"294","206.696054","172.16.114.50","196.37.75.158","SMTP","96","","S: 221 marx.eyrie.af.mil closing connection"
"295","206.696275","172.16.114.50","196.37.75.158","TCP","60","","25  >  1052 [FIN, ACK] Seq=485 Ack=1962 Win=31744 Len=0"
"296","206.696947","196.37.75.158","172.16.114.50","TCP","60","","1052  >  25 [ACK] Seq=1962 Ack=486 Win=32120 Len=0"
"297","206.699896","192.168.1.10","172.16.112.20","DNS","77","","Standard query 0x0f86 A swan.eyrie.af.mil"
"298","206.700337","172.16.112.20","192.168.1.10","DNS","142","","Standard query response 0x0f86 A swan.eyrie.af.mil A 172.16.114.169 NS hobbes.eyrie.af.mil A 172.16.112.20"
"299","206.703654","196.37.75.158","172.16.114.50","TCP","60","","1052  >  25 [FIN, ACK] Seq=1962 Ack=486 Win=32120 Len=0"
"300","206.703874","172.16.114.50","196.37.75.158","TCP","60","","25  >  1052 [ACK] Seq=486 Ack=1963 Win=31744 Len=0"
"301","206.706198","196.37.75.158","172.16.114.169","TCP","60","","1104  >  25 [SYN] Seq=0 Win=512 Len=0 MSS=1460"
"302","206.706518","172.16.114.169","196.37.75.158","TCP","60","","25  >  1104 [SYN, ACK] Seq=0 Ack=1 Win=32736 Len=0 MSS=1460"
"303","206.707266","196.37.75.158","172.16.114.169","TCP","60","","1104  >  25 [ACK] Seq=1 Ack=1 Win=32120 Len=0"
"304","206.726746","172.16.114.50","172.16.112.20","DNS","79","","Standard query 0x8d09 ANY pigeon.eyrie.af.mil"
"305","206.727462","172.16.112.20","172.16.114.50","DNS","176","","Standard query response 0x8d09 ANY pigeon.eyrie.af.mil A 172.16.114.207 MX 10 pigeon.eyrie.af.mil NS hobbes.eyrie.af.mil A 172.16.114.207 A 172.16.112.20"
"306","206.736041","172.16.114.50","172.16.112.20","DNS","77","","Standard query 0x8d0a ANY swan.eyrie.af.mil"
"307","206.736568","172.16.112.20","172.16.114.50","DNS","174","","Standard query response 0x8d0a ANY swan.eyrie.af.mil MX 10 swan.eyrie.af.mil A 172.16.114.169 NS hobbes.eyrie.af.mil A 172.16.114.169 A 172.16.112.20"
"308","206.949765","172.16.114.169","196.37.75.158","SMTP","143","","S: 220 swan.eyrie.af.mil Sendmail SMI-8.6/SMI-SVR4 ready at Sat, 7 Aug 1999 08:03:34 -0400"
"309","206.952294","196.37.75.158","172.16.114.169","SMTP","79","","C: EHLO jupiter.cherry.org"
"310","206.963364","172.16.114.169","196.37.75.158","TCP","60","","25  >  1104 [ACK] Seq=90 Ack=26 Win=32711 Len=0"
"311","206.989926","172.16.114.169","196.37.75.158","SMTP","80","","S: 500 Command unrecognized"
"312","206.990751","196.37.75.158","172.16.114.169","SMTP","79","","C: HELO jupiter.cherry.org"
"313","206.991014","172.16.114.169","196.37.75.158","SMTP","101","","S: 250 (jupiter.cherry.org) pleased to meet you."
"314","206.991861","196.37.75.158","172.16.114.169","SMTP","95","","C: MAIL From:<christoa@jupiter.cherry.org>"
"315","206.992092","172.16.114.169","196.37.75.158","SMTP","102","","S: 250 <christoa@jupiter.cherry.org>... Sender Ok"
"316","206.992995","196.37.75.158","172.16.114.169","SMTP","90","","C: RCPT To:<percyu@swan.eyrie.af.mil>"
"317","206.993212","172.16.114.169","196.37.75.158","SMTP","89","","S: 250 <percyu@swan.eyrie.af.mil> OK"
"318","206.994001","196.37.75.158","172.16.114.169","SMTP","60","","C: DATA"
"319","206.995992","172.16.114.169","196.37.75.158","SMTP","104","","S: 354 Enter mail, end with ""."" on a line by itself"
"320","206.998467","196.37.75.158","172.16.114.169","SMTP","1078","","C: DATA fragment, 1024 bytes"
"321","207.013355","172.16.114.169","196.37.75.158","TCP","60","","25  >  1104 [ACK] Seq=296 Ack=1158 Win=32736 Len=0"
"322","207.015340","196.37.75.158","172.16.114.169","IMF","875","","subject: Sync of view from, , Sync of view from you need done is traceable back in an interface, ask  , You use a little Smalltalk Examples.   ,   , Re.  Guest login to count on The no Risk tend to sst: Host mail me and  , of The Lisp test has been in his example it to Neural Although I'm for  , schedule, a fault, scenarios were to Four pages file red network to now  , but for the rest of a stash in a report is Available with them in The  , approach, from the between The flight Boston, MA phone.  N y X N M.   , Does not be directly to The initial conditions, For systems and  , representation Representations.   ,   ,     In The Real time interrupt, will be present, some time we and  ,     that.   ,   ,     Hi, here is large set up is long before of options.  We take a  ,     demo program at on Thursday, The of The author and application  ,     program.  Subject.   ,   ,     How one and Integer, real double static float got is very fast,  ,     since ribosomes work on Friday September, Neural Net Concepts  ,     considered acceptable performance in fact there are at a.  Our  ,     electronics The certain these only prices and The potential  ,     breakthrough is Section should chosen.  All over.   ,   ,     Is an the keyboard input space overflows today Rob: just like Un  ,     pipe is with The List file.  Five licenses are used throughout  ,     Chapter Date.  Great excuse for The annual the number of media Lab  ,     in actual foundation mass for Words, headline.   ,   ,     Wed, Edt from verbal The at the files I think you're and down  ,     the fields to and assigned; an important get.   "
"323","207.017769","172.16.114.169","196.37.75.158","SMTP","73","","S: 250 Mail accepted"
"324","207.018510","196.37.75.158","172.16.114.169","SMTP","60","","C: QUIT"
"325","207.018801","172.16.114.169","196.37.75.158","SMTP","78","","S: 221 Closing connection"
"326","207.019700","172.16.114.169","196.37.75.158","TCP","60","","25  >  1104 [FIN, ACK] Seq=339 Ack=1985 Win=32736 Len=0"
"327","207.020373","196.37.75.158","172.16.114.169","TCP","60","","1104  >  25 [ACK] Seq=1985 Ack=340 Win=32120 Len=0"
"328","207.022990","192.168.1.10","172.16.112.20","DNS","79","","Standard query 0x0f87 A pigeon.eyrie.af.mil"
"329","207.023922","172.16.112.20","192.168.1.10","DNS","144","","Standard query response 0x0f87 A pigeon.eyrie.af.mil A 172.16.114.207 NS hobbes.eyrie.af.mil A 172.16.112.20"
"330","207.027154","196.37.75.158","172.16.114.169","TCP","60","","1104  >  25 [FIN, ACK] Seq=1985 Ack=340 Win=32120 Len=0"
"331","207.027301","172.16.114.169","196.37.75.158","TCP","60","","25  >  1104 [ACK] Seq=340 Ack=1986 Win=32735 Len=0"
"332","207.029751","196.37.75.158","172.16.114.207","TCP","60","","1106  >  25 [SYN] Seq=0 Win=512 Len=0 MSS=1460"
"333","207.030033","172.16.114.207","196.37.75.158","TCP","60","","25  >  1106 [SYN, ACK] Seq=0 Ack=1 Win=32736 Len=0 MSS=1460"
"334","207.030830","196.37.75.158","172.16.114.207","TCP","60","","1106  >  25 [ACK] Seq=1 Ack=1 Win=32120 Len=0"
"335","208.040446","172.16.114.207","196.37.75.158","SMTP","138","","S: 220 pigeon.eyrie.af.mil ESMTP Sendmail 8.8.7/8.8.7; Sat, 7 Aug 1999 08:03:35 -0400"
"336","208.043952","196.37.75.158","172.16.114.207","SMTP","79","","C: EHLO jupiter.cherry.org"
"337","208.044258","172.16.114.207","196.37.75.158","SMTP","80","","S: 500 Command unrecognized"
"338","208.045117","196.37.75.158","172.16.114.207","SMTP","79","","C: HELO jupiter.cherry.org"
"339","208.045347","172.16.114.207","196.37.75.158","SMTP","101","","S: 250 (jupiter.cherry.org) pleased to meet you."
"340","208.046199","196.37.75.158","172.16.114.207","SMTP","95","","C: MAIL From:<christoa@jupiter.cherry.org>"
"341","208.046436","172.16.114.207","196.37.75.158","SMTP","102","","S: 250 <christoa@jupiter.cherry.org>... Sender Ok"
"342","208.047335","196.37.75.158","172.16.114.207","SMTP","92","","C: RCPT To:<tigera@pigeon.eyrie.af.mil>"
"343","208.047555","172.16.114.207","196.37.75.158","SMTP","91","","S: 250 <tigera@pigeon.eyrie.af.mil> OK"
"344","208.048361","196.37.75.158","172.16.114.207","SMTP","60","","C: DATA"
"345","208.050112","172.16.114.207","196.37.75.158","SMTP","104","","S: 354 Enter mail, end with ""."" on a line by itself"
"346","208.052589","196.37.75.158","172.16.114.207","SMTP","1078","","C: DATA fragment, 1024 bytes"
"347","208.063136","172.16.114.207","196.37.75.158","TCP","60","","25  >  1106 [ACK] Seq=293 Ack=1160 Win=32736 Len=0"
"348","208.065127","196.37.75.158","172.16.114.207","IMF","875","","subject: Sync of view from, , Sync of view from you need done is traceable back in an interface, ask  , You use a little Smalltalk Examples.   ,   , Re.  Guest login to count on The no Risk tend to sst: Host mail me and  , of The Lisp test has been in his example it to Neural Although I'm for  , schedule, a fault, scenarios were to Four pages file red network to now  , but for the rest of a stash in a report is Available with them in The  , approach, from the between The flight Boston, MA phone.  N y X N M.   , Does not be directly to The initial conditions, For systems and  , representation Representations.   ,   ,     In The Real time interrupt, will be present, some time we and  ,     that.   ,   ,     Hi, here is large set up is long before of options.  We take a  ,     demo program at on Thursday, The of The author and application  ,     program.  Subject.   ,   ,     How one and Integer, real double static float got is very fast,  ,     since ribosomes work on Friday September, Neural Net Concepts  ,     considered acceptable performance in fact there are at a.  Our  ,     electronics The certain these only prices and The potential  ,     breakthrough is Section should chosen.  All over.   ,   ,     Is an the keyboard input space overflows today Rob: just like Un  ,     pipe is with The List file.  Five licenses are used throughout  ,     Chapter Date.  Great excuse for The annual the number of media Lab  ,     in actual foundation mass for Words, headline.   ,   ,     Wed, Edt from verbal The at the files I think you're and down  ,     the fields to and assigned; an important get.   "
"349","208.077983","172.16.114.207","196.37.75.158","SMTP","73","","S: 250 Mail accepted"
"350","208.078731","196.37.75.158","172.16.114.207","SMTP","60","","C: QUIT"
"351","208.078945","172.16.114.207","196.37.75.158","SMTP","78","","S: 221 Closing connection"
"352","208.079813","172.16.114.207","196.37.75.158","TCP","60","","25  >  1106 [FIN, ACK] Seq=336 Ack=1987 Win=32736 Len=0"
"353","208.080489","196.37.75.158","172.16.114.207","TCP","60","","1106  >  25 [ACK] Seq=1987 Ack=337 Win=32120 Len=0"
"354","208.081928","196.37.75.158","172.16.114.207","TCP","60","","1106  >  25 [FIN, ACK] Seq=1987 Ack=337 Win=32120 Len=0"
"355","208.082076","172.16.114.207","196.37.75.158","TCP","60","","25  >  1106 [ACK] Seq=337 Ack=1988 Win=32735 Len=0"
"356","214.280517","172.16.112.100","172.16.112.10","NTP","90","","NTP Version 1, client"
"357","214.280939","172.16.112.10","172.16.112.100","NTP","90","","NTP Version 1, server"
"359","216.679185","135.8.60.182","172.16.112.100","TCP","60","","1107  >  21 [SYN] Seq=0 Win=512 Len=0 MSS=1460"
"360","216.679337","172.16.112.100","135.8.60.182","TCP","60","","21  >  1107 [SYN, ACK] Seq=0 Ack=1 Win=8760 Len=0 MSS=1460"
"361","216.769773","172.16.0.1","224.0.0.9","RIPv2","86","","Response"
"362","216.773149","135.8.60.182","172.16.112.100","TCP","60","","1107  >  21 [ACK] Seq=1 Ack=1 Win=32120 Len=0"
"363","216.773531","172.16.112.100","135.8.60.182","FTP","101","","Response: 220 hume Microsoft FTP Service (Version 2.0)."
"364","216.790247","135.8.60.182","172.16.112.100","TCP","60","","1107  >  21 [ACK] Seq=1 Ack=48 Win=32120 Len=0"
"365","217.131838","135.8.60.182","172.16.112.100","FTP","70","","Request: USER anonymous"
"366","217.132150","172.16.112.100","135.8.60.182","FTP","126","","Response: 331 Anonymous access allowed, send identity (e-mail name) as password."
"367","217.150174","135.8.60.182","172.16.112.100","TCP","60","","1107  >  21 [ACK] Seq=17 Ack=120 Win=32120 Len=0"
"368","217.721045","135.8.60.182","172.16.112.100","FTP","85","","Request: PASS veronics@beta.banana.edu"
"369","217.722281","172.16.112.100","135.8.60.182","FTP","85","","Response: 230 Anonymous user logged in."
"370","217.723272","135.8.60.182","172.16.112.100","FTP","60","","Request: SYST"
"371","217.723559","172.16.112.100","135.8.60.182","FTP","82","","Response: 215 Windows_NT version 4.0"
"372","217.740045","135.8.60.182","172.16.112.100","TCP","60","","1107  >  21 [ACK] Seq=54 Ack=179 Win=32120 Len=0"
"373","218.890823","135.8.60.182","172.16.112.100","FTP","78","","Request: PORT 135,8,60,182,4,84"
"374","218.891090","172.16.112.100","135.8.60.182","FTP","84","","Response: 200 PORT command successful."
"375","218.892056","135.8.60.182","172.16.112.100","FTP","60","","Request: LIST"
"376","218.892336","172.16.112.100","135.8.60.182","FTP","107","","Response: 150 Opening ASCII mode data connection for /bin/ls."
"377","218.892857","172.16.112.100","135.8.60.182","TCP","60","","20  >  1108 [SYN] Seq=0 Win=8192 Len=0 MSS=1460"
"378","218.893656","135.8.60.182","172.16.112.100","TCP","60","","1108  >  20 [SYN, ACK] Seq=0 Ack=1 Win=32736 Len=0 MSS=1460"
"379","218.893766","172.16.112.100","135.8.60.182","TCP","60","","20  >  1108 [ACK] Seq=1 Ack=1 Win=8760 Len=0"
"381","218.901001","172.16.112.100","135.8.60.182","TCP","60","","20  >  1108 [FIN, ACK] Seq=720 Ack=1 Win=8760 Len=0"
"382","218.902251","135.8.60.182","172.16.112.100","TCP","60","","1108  >  20 [ACK] Seq=1 Ack=721 Win=32016 Len=0"
"383","218.909815","135.8.60.182","172.16.112.100","TCP","60","","1107  >  21 [ACK] Seq=84 Ack=262 Win=32120 Len=0"
"384","218.909971","172.16.112.100","135.8.60.182","FTP","78","","Response: 226 Transfer complete."
"385","218.910218","135.8.60.182","172.16.112.100","TCP","60","","1108  >  20 [FIN, ACK] Seq=1 Ack=721 Win=32736 Len=0"
"386","218.910368","172.16.112.100","135.8.60.182","TCP","60","","20  >  1108 [ACK] Seq=721 Ack=2 Win=8760 Len=0"
"387","218.929808","135.8.60.182","172.16.112.100","TCP","60","","1107  >  21 [ACK] Seq=84 Ack=286 Win=32120 Len=0"
"388","220.000300","135.8.60.182","172.16.112.100","FTP","63","","Request: CWD src"
"389","220.001221","172.16.112.100","135.8.60.182","FTP","83","","Response: 250 CWD command successful."
"390","220.019587","135.8.60.182","172.16.112.100","TCP","60","","1107  >  21 [ACK] Seq=93 Ack=315 Win=32120 Len=0"
"393","221.212710","172.16.112.5","172.16.0.1","ICMP","64","020405b4bbc20000000000014e454641414141414141","Echo (ping) request  id=0x0008, seq=6080/49175, ttl=32 (reply in 394)"
"394","221.214904","172.16.0.1","172.16.112.5","ICMP","64","020405b4bbc20000000000014e454641414141414141","Echo (ping) reply    id=0x0008, seq=6080/49175, ttl=255 (request in 393)"
"395","221.350454","135.8.60.182","172.16.112.100","FTP","78","","Request: PORT 135,8,60,182,4,85"
"396","221.350752","172.16.112.100","135.8.60.182","FTP","84","","Response: 200 PORT command successful."
"397","221.351772","135.8.60.182","172.16.112.100","FTP","60","","Request: LIST"
"398","221.352059","172.16.112.100","135.8.60.182","FTP","107","","Response: 150 Opening ASCII mode data connection for /bin/ls."
"399","221.352593","172.16.112.100","135.8.60.182","TCP","60","","20  >  1109 [SYN] Seq=0 Win=8192 Len=0 MSS=1460"
"400","221.353388","135.8.60.182","172.16.112.100","TCP","60","","1109  >  20 [SYN, ACK] Seq=0 Ack=1 Win=32736 Len=0 MSS=1460"
"401","221.353499","172.16.112.100","135.8.60.182","TCP","60","","20  >  1109 [ACK] Seq=1 Ack=1 Win=8760 Len=0"
"403","221.355206","172.16.112.100","135.8.60.182","TCP","60","","20  >  1109 [FIN, ACK] Seq=128 Ack=1 Win=8760 Len=0"
"404","221.356017","135.8.60.182","172.16.112.100","TCP","60","","1109  >  20 [ACK] Seq=1 Ack=129 Win=32608 Len=0"
"405","221.356859","135.8.60.182","172.16.112.100","TCP","60","","1109  >  20 [FIN, ACK] Seq=1 Ack=129 Win=32736 Len=0"
"406","221.357006","172.16.112.100","135.8.60.182","TCP","60","","20  >  1109 [ACK] Seq=129 Ack=2 Win=8760 Len=0"
"407","221.369313","135.8.60.182","172.16.112.100","TCP","60","","1107  >  21 [ACK] Seq=123 Ack=398 Win=32120 Len=0"
"408","221.369464","172.16.112.100","135.8.60.182","FTP","78","","Response: 226 Transfer complete."
"409","221.389319","135.8.60.182","172.16.112.100","TCP","60","","1107  >  21 [ACK] Seq=123 Ack=422 Win=32120 Len=0"
"410","222.539786","135.8.60.182","172.16.112.100","FTP","61","","Request: CWD c"
"411","222.540838","172.16.112.100","135.8.60.182","FTP","83","","Response: 250 CWD command successful."
"412","222.559081","135.8.60.182","172.16.112.100","TCP","60","","1107  >  21 [ACK] Seq=130 Ack=451 Win=32120 Len=0"
"413","223.680274","135.8.60.182","172.16.112.100","FTP","78","","Request: PORT 135,8,60,182,4,87"
"414","223.680562","172.16.112.100","135.8.60.182","FTP","84","","Response: 200 PORT command successful."
"415","223.681489","135.8.60.182","172.16.112.100","FTP","60","","Request: LIST"
"416","223.681771","172.16.112.100","135.8.60.182","FTP","107","","Response: 150 Opening ASCII mode data connection for /bin/ls."
"417","223.682286","172.16.112.100","135.8.60.182","TCP","60","","20  >  1111 [SYN] Seq=0 Win=8192 Len=0 MSS=1460"
"418","223.683085","135.8.60.182","172.16.112.100","TCP","60","","1111  >  20 [SYN, ACK] Seq=0 Ack=1 Win=32736 Len=0 MSS=1460"
"419","223.683197","172.16.112.100","135.8.60.182","TCP","60","","20  >  1111 [ACK] Seq=1 Ack=1 Win=8760 Len=0"
"420","223.698853","135.8.60.182","172.16.112.100","TCP","60","","1107  >  21 [ACK] Seq=160 Ack=534 Win=32120 Len=0"
"422","223.700680","172.16.112.100","135.8.60.182","TCP","60","","20  >  1111 [FIN, ACK] Seq=274 Ack=1 Win=8760 Len=0"
"423","223.700765","172.16.112.100","135.8.60.182","FTP","78","","Response: 226 Transfer complete."
"424","223.701805","135.8.60.182","172.16.112.100","TCP","60","","1111  >  20 [ACK] Seq=1 Ack=275 Win=32462 Len=0"
"425","223.702168","135.8.60.182","172.16.112.100","TCP","60","","1111  >  20 [FIN, ACK] Seq=1 Ack=275 Win=32736 Len=0"
"426","223.702302","172.16.112.100","135.8.60.182","TCP","60","","20  >  1111 [ACK] Seq=275 Ack=2 Win=8760 Len=0"
"427","223.718848","135.8.60.182","172.16.112.100","TCP","60","","1107  >  21 [ACK] Seq=160 Ack=558 Win=32120 Len=0"
"429","224.709399","135.8.60.182","172.16.112.100","FTP","66","","Request: CWD lnknet"
"430","224.721543","172.16.112.100","135.8.60.182","FTP","83","","Response: 250 CWD command successful."
"431","224.738654","135.8.60.182","172.16.112.100","TCP","60","","1107  >  21 [ACK] Seq=172 Ack=587 Win=32120 Len=0"
"432","226.089157","135.8.60.182","172.16.112.100","FTP","78","","Request: PORT 135,8,60,182,4,89"
"433","226.089435","172.16.112.100","135.8.60.182","FTP","84","","Response: 200 PORT command successful."
"434","226.090238","135.8.60.182","172.16.112.100","FTP","60","","Request: LIST"
"435","226.090523","172.16.112.100","135.8.60.182","FTP","107","","Response: 150 Opening ASCII mode data connection for /bin/ls."
"436","226.091029","172.16.112.100","135.8.60.182","TCP","60","","20  >  1113 [SYN] Seq=0 Win=8192 Len=0 MSS=1460"
"437","226.091766","135.8.60.182","172.16.112.100","TCP","60","","1113  >  20 [SYN, ACK] Seq=0 Ack=1 Win=32736 Len=0 MSS=1460"
"438","226.091876","172.16.112.100","135.8.60.182","TCP","60","","20  >  1113 [ACK] Seq=1 Ack=1 Win=8760 Len=0"
"440","226.093351","172.16.112.100","135.8.60.182","TCP","60","","20  >  1113 [FIN, ACK] Seq=71 Ack=1 Win=8760 Len=0"
"441","226.094168","135.8.60.182","172.16.112.100","TCP","60","","1113  >  20 [ACK] Seq=1 Ack=72 Win=32665 Len=0"
"442","226.094365","135.8.60.182","172.16.112.100","TCP","60","","1113  >  20 [FIN, ACK] Seq=1 Ack=72 Win=32736 Len=0"
"443","226.094509","172.16.112.100","135.8.60.182","TCP","60","","20  >  1113 [ACK] Seq=72 Ack=2 Win=8760 Len=0"
"444","226.108373","135.8.60.182","172.16.112.100","TCP","60","","1107  >  21 [ACK] Seq=202 Ack=670 Win=32120 Len=0"
"445","226.108519","172.16.112.100","135.8.60.182","FTP","78","","Response: 226 Transfer complete."
"446","226.128372","135.8.60.182","172.16.112.100","TCP","60","","1107  >  21 [ACK] Seq=202 Ack=694 Win=32120 Len=0"
"447","227.309299","135.8.60.182","172.16.112.100","FTP","69","","Request: CWD algorithm"
"448","227.321437","172.16.112.100","135.8.60.182","FTP","83","","Response: 250 CWD command successful."
"449","227.338129","135.8.60.182","172.16.112.100","TCP","60","","1107  >  21 [ACK] Seq=217 Ack=723 Win=32120 Len=0"
"450","228.168764","135.8.60.182","172.16.112.100","FTP","78","","Request: PORT 135,8,60,182,4,92"
"451","228.169048","172.16.112.100","135.8.60.182","FTP","84","","Response: 200 PORT command successful."
"452","228.169854","135.8.60.182","172.16.112.100","FTP","60","","Request: LIST"
"453","228.170139","172.16.112.100","135.8.60.182","FTP","107","","Response: 150 Opening ASCII mode data connection for /bin/ls."
"454","228.170655","172.16.112.100","135.8.60.182","TCP","60","","20  >  1116 [SYN] Seq=0 Win=8192 Len=0 MSS=1460"
"455","228.171450","135.8.60.182","172.16.112.100","TCP","60","","1116  >  20 [SYN, ACK] Seq=0 Ack=1 Win=32736 Len=0 MSS=1460"
"456","228.171560","172.16.112.100","135.8.60.182","TCP","60","","20  >  1116 [ACK] Seq=1 Ack=1 Win=8760 Len=0"
"458","228.184909","172.16.112.100","135.8.60.182","TCP","60","","20  >  1116 [FIN, ACK] Seq=547 Ack=1 Win=8760 Len=0"
"459","228.186026","135.8.60.182","172.16.112.100","TCP","60","","1116  >  20 [ACK] Seq=1 Ack=548 Win=32189 Len=0"
"460","228.186937","135.8.60.182","172.16.112.100","TCP","60","","1116  >  20 [FIN, ACK] Seq=1 Ack=548 Win=32736 Len=0"
"461","228.187069","172.16.112.100","135.8.60.182","TCP","60","","20  >  1116 [ACK] Seq=548 Ack=2 Win=8760 Len=0"
"462","228.187956","135.8.60.182","172.16.112.100","TCP","60","","1107  >  21 [ACK] Seq=247 Ack=806 Win=32120 Len=0"
"463","228.188102","172.16.112.100","135.8.60.182","FTP","78","","Response: 226 Transfer complete."
"464","228.207947","135.8.60.182","172.16.112.100","TCP","60","","1107  >  21 [ACK] Seq=247 Ack=830 Win=32120 Len=0"
"465","229.258519","135.8.60.182","172.16.112.100","FTP","66","","Request: CWD artmap"
"466","229.259493","172.16.112.100","135.8.60.182","FTP","83","","Response: 250 CWD command successful."
"467","229.277731","135.8.60.182","172.16.112.100","TCP","60","","1107  >  21 [ACK] Seq=259 Ack=859 Win=32120 Len=0"
"468","230.088960","135.8.60.182","172.16.112.100","FTP","79","","Request: PORT 135,8,60,182,4,145"
"469","230.089231","172.16.112.100","135.8.60.182","FTP","84","","Response: 200 PORT command successful."
"470","230.090128","135.8.60.182","172.16.112.100","FTP","60","","Request: LIST"
"471","230.090411","172.16.112.100","135.8.60.182","FTP","107","","Response: 150 Opening ASCII mode data connection for /bin/ls."
"472","230.090918","172.16.112.100","135.8.60.182","TCP","60","","20  >  1169 [SYN] Seq=0 Win=8192 Len=0 MSS=1460"
"473","230.091712","135.8.60.182","172.16.112.100","TCP","60","","1169  >  20 [SYN, ACK] Seq=0 Ack=1 Win=32736 Len=0 MSS=1460"
"474","230.091822","172.16.112.100","135.8.60.182","TCP","60","","20  >  1169 [ACK] Seq=1 Ack=1 Win=8760 Len=0"
"475","230.107577","135.8.60.182","172.16.112.100","TCP","60","","1107  >  21 [ACK] Seq=290 Ack=942 Win=32120 Len=0"
"477","230.110640","172.16.112.100","135.8.60.182","TCP","60","","20  >  1169 [FIN, ACK] Seq=801 Ack=1 Win=8760 Len=0"
"478","230.110725","172.16.112.100","135.8.60.182","FTP","78","","Response: 226 Transfer complete."
"479","230.112025","135.8.60.182","172.16.112.100","TCP","60","","1169  >  20 [ACK] Seq=1 Ack=802 Win=31935 Len=0"
"480","230.113272","135.8.60.182","172.16.112.100","TCP","60","","1169  >  20 [FIN, ACK] Seq=1 Ack=802 Win=32736 Len=0"
"481","230.113404","172.16.112.100","135.8.60.182","TCP","60","","20  >  1169 [ACK] Seq=802 Ack=2 Win=8760 Len=0"
"482","230.127563","135.8.60.182","172.16.112.100","TCP","60","","1107  >  21 [ACK] Seq=290 Ack=966 Win=32120 Len=0"
"483","231.128140","135.8.60.182","172.16.112.100","FTP","62","","Request: TYPE I"
"484","231.128429","172.16.112.100","135.8.60.182","FTP","74","","Response: 200 Type set to I."
"485","231.147359","135.8.60.182","172.16.112.100","TCP","60","","1107  >  21 [ACK] Seq=298 Ack=986 Win=32120 Len=0"
"486","231.319070","172.16.112.20","172.16.255.255","RIPv1","66","","Response"
"487","231.319271","172.16.112.20","172.16.118.255","RIPv1","66","","Response"
"488","233.318497","135.8.60.182","172.16.112.100","FTP","62","","Request: TYPE A"
"489","233.318776","172.16.112.100","135.8.60.182","FTP","74","","Response: 200 Type set to A."
"490","233.319746","135.8.60.182","172.16.112.100","FTP","79","","Request: PORT 135,8,60,182,4,149"
"491","233.320015","172.16.112.100","135.8.60.182","FTP","84","","Response: 200 PORT command successful."
"492","233.320770","135.8.60.182","172.16.112.100","FTP","62","","Request: NLST *"
"493","233.321053","172.16.112.100","135.8.60.182","FTP","109","","Response: 150 Opening ASCII mode data connection for file list."
"494","233.321581","172.16.112.100","135.8.60.182","TCP","60","","20  >  1173 [SYN] Seq=0 Win=8192 Len=0 MSS=1460"
"495","233.322373","135.8.60.182","172.16.112.100","TCP","60","","1173  >  20 [SYN, ACK] Seq=0 Ack=1 Win=32736 Len=0 MSS=1460"
"496","233.322483","172.16.112.100","135.8.60.182","TCP","60","","20  >  1173 [ACK] Seq=1 Ack=1 Win=8760 Len=0"
"498","233.324022","172.16.112.100","135.8.60.182","TCP","60","","20  >  1173 [FIN, ACK] Seq=152 Ack=1 Win=8760 Len=0"
"499","233.324839","135.8.60.182","172.16.112.100","TCP","60","","1173  >  20 [ACK] Seq=1 Ack=153 Win=32584 Len=0"
"500","233.325222","135.8.60.182","172.16.112.100","TCP","60","","1173  >  20 [FIN, ACK] Seq=1 Ack=153 Win=32736 Len=0"
"501","233.325361","172.16.112.100","135.8.60.182","TCP","60","","20  >  1173 [ACK] Seq=153 Ack=2 Win=8760 Len=0"
"502","233.336917","135.8.60.182","172.16.112.100","TCP","60","","1107  >  21 [ACK] Seq=339 Ack=1091 Win=32120 Len=0"
"503","233.337061","172.16.112.100","135.8.60.182","FTP","78","","Response: 226 Transfer complete."
"504","233.338174","135.8.60.182","172.16.112.100","FTP","62","","Request: TYPE I"
"505","233.338435","172.16.112.100","135.8.60.182","FTP","74","","Response: 200 Type set to I."
"506","233.339316","135.8.60.182","172.16.112.100","FTP","79","","Request: PORT 135,8,60,182,4,150"
"507","233.339574","172.16.112.100","135.8.60.182","FTP","84","","Response: 200 PORT command successful."
"508","233.340387","135.8.60.182","172.16.112.100","FTP","69","","Request: RETR artmap.h"
"509","233.353993","172.16.112.100","135.8.60.182","FTP","121","","Response: 150 Opening BINARY mode data connection for artmap.h(1738 bytes)."
"510","233.354465","172.16.112.100","135.8.60.182","TCP","60","","20  >  1174 [SYN] Seq=0 Win=8192 Len=0 MSS=1460"
"511","233.355186","135.8.60.182","172.16.112.100","TCP","60","","1174  >  20 [SYN, ACK] Seq=0 Ack=1 Win=32736 Len=0 MSS=1460"
"512","233.355306","172.16.112.100","135.8.60.182","TCP","60","","20  >  1174 [ACK] Seq=1 Ack=1 Win=8760 Len=0"
"513","233.366921","135.8.60.182","172.16.112.100","TCP","60","","1107  >  21 [ACK] Seq=387 Ack=1232 Win=32120 Len=0"
"516","233.386913","135.8.60.182","172.16.112.100","TCP","60","","1174  >  20 [ACK] Seq=1 Ack=1739 Win=32736 Len=0"
"517","233.387116","172.16.112.100","135.8.60.182","TCP","60","","20  >  1174 [FIN, ACK] Seq=1739 Ack=1 Win=8760 Len=0"
"518","233.387279","172.16.112.100","135.8.60.182","FTP","78","","Response: 226 Transfer complete."
"519","233.387809","135.8.60.182","172.16.112.100","TCP","60","","1174  >  20 [ACK] Seq=1 Ack=1740 Win=32735 Len=0"
"520","233.388005","135.8.60.182","172.16.112.100","TCP","60","","1174  >  20 [FIN, ACK] Seq=1 Ack=1740 Win=32736 Len=0"
"521","233.388144","172.16.112.100","135.8.60.182","TCP","60","","20  >  1174 [ACK] Seq=1740 Ack=2 Win=8760 Len=0"
"522","233.388830","135.8.60.182","172.16.112.100","FTP","79","","Request: PORT 135,8,60,182,4,169"
"523","233.389115","172.16.112.100","135.8.60.182","FTP","84","","Response: 200 PORT command successful."
"524","233.389942","135.8.60.182","172.16.112.100","FTP","74","","Request: RETR artmap_args.h"
"525","233.390916","172.16.112.100","135.8.60.182","FTP","126","","Response: 150 Opening BINARY mode data connection for artmap_args.h(1869 bytes)."
"526","233.391384","172.16.112.100","135.8.60.182","TCP","60","","20  >  1193 [SYN] Seq=0 Win=8192 Len=0 MSS=1460"
"527","233.392095","135.8.60.182","172.16.112.100","TCP","60","","1193  >  20 [SYN, ACK] Seq=0 Ack=1 Win=32736 Len=0 MSS=1460"
"528","233.392214","172.16.112.100","135.8.60.182","TCP","60","","20  >  1193 [ACK] Seq=1 Ack=1 Win=8760 Len=0"
"531","233.406905","135.8.60.182","172.16.112.100","TCP","60","","1107  >  21 [ACK] Seq=432 Ack=1358 Win=32120 Len=0"
"532","233.416903","135.8.60.182","172.16.112.100","TCP","60","","1193  >  20 [ACK] Seq=1 Ack=1870 Win=32736 Len=0"
"533","233.417109","172.16.112.100","135.8.60.182","TCP","60","","20  >  1193 [FIN, ACK] Seq=1870 Ack=1 Win=8760 Len=0"
"534","233.417272","172.16.112.100","135.8.60.182","FTP","78","","Response: 226 Transfer complete."
"535","233.417786","135.8.60.182","172.16.112.100","TCP","60","","1193  >  20 [ACK] Seq=1 Ack=1871 Win=32735 Len=0"
"536","233.418036","135.8.60.182","172.16.112.100","TCP","60","","1193  >  20 [FIN, ACK] Seq=1 Ack=1871 Win=32736 Len=0"
"537","233.418117","172.16.112.100","135.8.60.182","TCP","60","","20  >  1193 [ACK] Seq=1871 Ack=2 Win=8760 Len=0"
"538","233.418819","135.8.60.182","172.16.112.100","FTP","79","","Request: PORT 135,8,60,182,4,173"
"539","233.419090","172.16.112.100","135.8.60.182","FTP","84","","Response: 200 PORT command successful."
"540","233.419944","135.8.60.182","172.16.112.100","FTP","72","","Request: RETR artmap_cv.c"
"541","233.420898","172.16.112.100","135.8.60.182","FTP","125","","Response: 150 Opening BINARY mode data connection for artmap_cv.c(16177 bytes)."
"542","233.421356","172.16.112.100","135.8.60.182","TCP","60","","20  >  1197 [SYN] Seq=0 Win=8192 Len=0 MSS=1460"
"543","233.422064","135.8.60.182","172.16.112.100","TCP","60","","1197  >  20 [SYN, ACK] Seq=0 Ack=1 Win=32736 Len=0 MSS=1460"
"544","233.422182","172.16.112.100","135.8.60.182","TCP","60","","20  >  1197 [ACK] Seq=1 Ack=1 Win=8760 Len=0"
"545","233.436929","135.8.60.182","172.16.112.100","TCP","60","","1107  >  21 [ACK] Seq=475 Ack=1483 Win=32120 Len=0"
"548","233.456899","135.8.60.182","172.16.112.100","TCP","60","","1197  >  20 [ACK] Seq=1 Ack=2921 Win=32736 Len=0"
"552","233.466905","135.8.60.182","172.16.112.100","TCP","60","","1197  >  20 [ACK] Seq=1 Ack=7301 Win=32736 Len=0"
"557","233.476892","135.8.60.182","172.16.112.100","TCP","60","","1197  >  20 [ACK] Seq=1 Ack=13141 Win=32736 Len=0"
"561","233.486889","135.8.60.182","172.16.112.100","TCP","60","","1197  >  20 [ACK] Seq=1 Ack=16178 Win=32736 Len=0"
"562","233.487092","172.16.112.100","135.8.60.182","TCP","60","","20  >  1197 [FIN, ACK] Seq=16178 Ack=1 Win=8760 Len=0"
"563","233.487249","172.16.112.100","135.8.60.182","FTP","78","","Response: 226 Transfer complete."
"564","233.487796","135.8.60.182","172.16.112.100","TCP","60","","1197  >  20 [ACK] Seq=1 Ack=16179 Win=32735 Len=0"
"565","233.487994","135.8.60.182","172.16.112.100","TCP","60","","1197  >  20 [FIN, ACK] Seq=1 Ack=16179 Win=32736 Len=0"
"566","233.488128","172.16.112.100","135.8.60.182","TCP","60","","20  >  1197 [ACK] Seq=16179 Ack=2 Win=8760 Len=0"
"567","233.488817","135.8.60.182","172.16.112.100","FTP","79","","Request: PORT 135,8,60,182,4,174"
"568","233.489105","172.16.112.100","135.8.60.182","FTP","84","","Response: 200 PORT command successful."
"569","233.489926","135.8.60.182","172.16.112.100","FTP","74","","Request: RETR artmap_main.c"
"570","233.490933","172.16.112.100","135.8.60.182","FTP","126","","Response: 150 Opening BINARY mode data connection for artmap_main.c(9464 bytes)."
"571","233.491404","172.16.112.100","135.8.60.182","TCP","60","","20  >  1198 [SYN] Seq=0 Win=8192 Len=0 MSS=1460"
"572","233.492142","135.8.60.182","172.16.112.100","TCP","60","","1198  >  20 [SYN, ACK] Seq=0 Ack=1 Win=32736 Len=0 MSS=1460"
"573","233.492261","172.16.112.100","135.8.60.182","TCP","60","","20  >  1198 [ACK] Seq=1 Ack=1 Win=8760 Len=0"
"574","233.506894","135.8.60.182","172.16.112.100","TCP","60","","1107  >  21 [ACK] Seq=520 Ack=1609 Win=32120 Len=0"
"577","233.516883","135.8.60.182","172.16.112.100","TCP","60","","1198  >  20 [ACK] Seq=1 Ack=2921 Win=32736 Len=0"
"581","233.526888","135.8.60.182","172.16.112.100","TCP","60","","1198  >  20 [ACK] Seq=1 Ack=7301 Win=32736 Len=0"
"584","233.546874","135.8.60.182","172.16.112.100","TCP","60","","1198  >  20 [ACK] Seq=1 Ack=9465 Win=32736 Len=0"
"585","233.547070","172.16.112.100","135.8.60.182","TCP","60","","20  >  1198 [FIN, ACK] Seq=9465 Ack=1 Win=8760 Len=0"
"586","233.547230","172.16.112.100","135.8.60.182","FTP","78","","Response: 226 Transfer complete."
"587","233.547768","135.8.60.182","172.16.112.100","TCP","60","","1198  >  20 [ACK] Seq=1 Ack=9466 Win=32735 Len=0"
"588","233.547964","135.8.60.182","172.16.112.100","TCP","60","","1198  >  20 [FIN, ACK] Seq=1 Ack=9466 Win=32736 Len=0"
"589","233.548098","172.16.112.100","135.8.60.182","TCP","60","","20  >  1198 [ACK] Seq=9466 Ack=2 Win=8760 Len=0"
"590","233.548789","135.8.60.182","172.16.112.100","FTP","79","","Request: PORT 135,8,60,182,4,175"
"591","233.549073","172.16.112.100","135.8.60.182","FTP","84","","Response: 200 PORT command successful."
"592","233.549893","135.8.60.182","172.16.112.100","FTP","74","","Request: RETR artmap_pack.c"
"593","233.562564","172.16.112.100","135.8.60.182","FTP","127","","Response: 150 Opening BINARY mode data connection for artmap_pack.c(63121 bytes)."
"594","233.563012","172.16.112.100","135.8.60.182","TCP","60","","20  >  1199 [SYN] Seq=0 Win=8192 Len=0 MSS=1460"
"595","233.563750","135.8.60.182","172.16.112.100","TCP","60","","1199  >  20 [SYN, ACK] Seq=0 Ack=1 Win=32736 Len=0 MSS=1460"
"596","233.563868","172.16.112.100","135.8.60.182","TCP","60","","20  >  1199 [ACK] Seq=1 Ack=1 Win=8760 Len=0"
"597","233.576883","135.8.60.182","172.16.112.100","TCP","60","","1107  >  21 [ACK] Seq=565 Ack=1736 Win=32120 Len=0"
"600","233.606869","135.8.60.182","172.16.112.100","TCP","60","","1199  >  20 [ACK] Seq=1 Ack=2921 Win=32736 Len=0"
"604","233.616873","135.8.60.182","172.16.112.100","TCP","60","","1199  >  20 [ACK] Seq=1 Ack=7301 Win=32736 Len=0"
"609","233.626871","135.8.60.182","172.16.112.100","TCP","60","","1199  >  20 [ACK] Seq=1 Ack=13141 Win=32736 Len=0"
"615","233.636865","135.8.60.182","172.16.112.100","TCP","60","","1199  >  20 [ACK] Seq=1 Ack=20441 Win=32736 Len=0"
"622","233.646861","135.8.60.182","172.16.112.100","TCP","60","","1199  >  20 [ACK] Seq=1 Ack=29201 Win=32736 Len=0"
"630","233.657378","135.8.60.182","172.16.112.100","TCP","60","","1199  >  20 [ACK] Seq=1 Ack=37961 Win=32736 Len=0"
"638","233.667877","135.8.60.182","172.16.112.100","TCP","60","","1199  >  20 [ACK] Seq=1 Ack=48181 Win=32736 Len=0"
"647","233.679687","135.8.60.182","172.16.112.100","TCP","60","","1199  >  20 [ACK] Seq=1 Ack=56941 Win=32736 Len=0"
"650","233.686853","135.8.60.182","172.16.112.100","TCP","60","","1199  >  20 [ACK] Seq=1 Ack=63122 Win=32736 Len=0"
"651","233.687066","172.16.112.100","135.8.60.182","TCP","60","","20  >  1199 [FIN, ACK] Seq=63122 Ack=1 Win=8760 Len=0"
"652","233.687233","172.16.112.100","135.8.60.182","FTP","78","","Response: 226 Transfer complete."
"653","233.687742","135.8.60.182","172.16.112.100","TCP","60","","1199  >  20 [ACK] Seq=1 Ack=63123 Win=32735 Len=0"
"654","233.687939","135.8.60.182","172.16.112.100","TCP","60","","1199  >  20 [FIN, ACK] Seq=1 Ack=63123 Win=32736 Len=0"
"655","233.688082","172.16.112.100","135.8.60.182","TCP","60","","20  >  1199 [ACK] Seq=63123 Ack=2 Win=8760 Len=0"
"656","233.688760","135.8.60.182","172.16.112.100","FTP","79","","Request: PORT 135,8,60,182,4,176"
"657","233.689063","172.16.112.100","135.8.60.182","FTP","84","","Response: 200 PORT command successful."
"658","233.690211","135.8.60.182","172.16.112.100","FTP","74","","Request: RETR artmap_pack.h"
"659","233.691218","172.16.112.100","135.8.60.182","FTP","126","","Response: 150 Opening BINARY mode data connection for artmap_pack.h(8135 bytes)."
"660","233.691693","172.16.112.100","135.8.60.182","TCP","60","","20  >  1200 [SYN] Seq=0 Win=8192 Len=0 MSS=1460"
"661","233.692439","135.8.60.182","172.16.112.100","TCP","60","","1200  >  20 [SYN, ACK] Seq=0 Ack=1 Win=32736 Len=0 MSS=1460"
"662","233.692558","172.16.112.100","135.8.60.182","TCP","60","","20  >  1200 [ACK] Seq=1 Ack=1 Win=8760 Len=0"
"663","233.706843","135.8.60.182","172.16.112.100","TCP","60","","1107  >  21 [ACK] Seq=610 Ack=1862 Win=32120 Len=0"
"666","233.726853","135.8.60.182","172.16.112.100","TCP","60","","1200  >  20 [ACK] Seq=1 Ack=2921 Win=32736 Len=0"
"670","233.736842","135.8.60.182","172.16.112.100","TCP","60","","1200  >  20 [ACK] Seq=1 Ack=7301 Win=32736 Len=0"
"672","233.756832","135.8.60.182","172.16.112.100","TCP","60","","1200  >  20 [ACK] Seq=1 Ack=8136 Win=32736 Len=0"
"673","233.757030","172.16.112.100","135.8.60.182","TCP","60","","20  >  1200 [FIN, ACK] Seq=8136 Ack=1 Win=8760 Len=0"
"674","233.757192","172.16.112.100","135.8.60.182","FTP","78","","Response: 226 Transfer complete."
"675","233.757697","135.8.60.182","172.16.112.100","TCP","60","","1200  >  20 [ACK] Seq=1 Ack=8137 Win=32735 Len=0"
"676","233.757892","135.8.60.182","172.16.112.100","TCP","60","","1200  >  20 [FIN, ACK] Seq=1 Ack=8137 Win=32736 Len=0"
"677","233.758030","172.16.112.100","135.8.60.182","TCP","60","","20  >  1200 [ACK] Seq=8137 Ack=2 Win=8760 Len=0"
"678","233.758735","135.8.60.182","172.16.112.100","FTP","79","","Request: PORT 135,8,60,182,4,177"
"679","233.759023","172.16.112.100","135.8.60.182","FTP","84","","Response: 200 PORT command successful."
"680","233.760371","135.8.60.182","172.16.112.100","FTP","74","","Request: RETR artmap_test.c"
"681","233.761357","172.16.112.100","135.8.60.182","FTP","127","","Response: 150 Opening BINARY mode data connection for artmap_test.c(10567 bytes)."
"682","233.761837","172.16.112.100","135.8.60.182","TCP","60","","20  >  1201 [SYN] Seq=0 Win=8192 Len=0 MSS=1460"
"683","233.762535","135.8.60.182","172.16.112.100","TCP","60","","1201  >  20 [SYN, ACK] Seq=0 Ack=1 Win=32736 Len=0 MSS=1460"
"684","233.762647","172.16.112.100","135.8.60.182","TCP","60","","20  >  1201 [ACK] Seq=1 Ack=1 Win=8760 Len=0"
"687","233.778803","135.8.60.182","172.16.112.100","TCP","60","","1107  >  21 [ACK] Seq=655 Ack=1989 Win=32120 Len=0"
"688","233.786829","135.8.60.182","172.16.112.100","TCP","60","","1201  >  20 [ACK] Seq=1 Ack=2921 Win=32736 Len=0"
"692","233.796837","135.8.60.182","172.16.112.100","TCP","60","","1201  >  20 [ACK] Seq=1 Ack=7301 Win=32736 Len=0"
"696","233.806846","135.8.60.182","172.16.112.100","TCP","60","","1201  >  20 [ACK] Seq=1 Ack=10568 Win=32736 Len=0"
"697","233.807057","172.16.112.100","135.8.60.182","TCP","60","","20  >  1201 [FIN, ACK] Seq=10568 Ack=1 Win=8760 Len=0"
"698","233.807216","172.16.112.100","135.8.60.182","FTP","78","","Response: 226 Transfer complete."
"699","233.807734","135.8.60.182","172.16.112.100","TCP","60","","1201  >  20 [ACK] Seq=1 Ack=10569 Win=32735 Len=0"
"700","233.807931","135.8.60.182","172.16.112.100","TCP","60","","1201  >  20 [FIN, ACK] Seq=1 Ack=10569 Win=32736 Len=0"
"701","233.808066","172.16.112.100","135.8.60.182","TCP","60","","20  >  1201 [ACK] Seq=10569 Ack=2 Win=8760 Len=0"
"702","233.808760","135.8.60.182","172.16.112.100","FTP","79","","Request: PORT 135,8,60,182,4,178"
"703","233.809034","172.16.112.100","135.8.60.182","FTP","84","","Response: 200 PORT command successful."
"704","233.810541","135.8.60.182","172.16.112.100","FTP","75","","Request: RETR artmap_train.c"
"705","233.811340","172.16.112.100","135.8.60.182","FTP","128","","Response: 150 Opening BINARY mode data connection for artmap_train.c(17254 bytes)."
"706","233.811804","172.16.112.100","135.8.60.182","TCP","60","","20  >  1202 [SYN] Seq=0 Win=8192 Len=0 MSS=1460"
"707","233.812498","135.8.60.182","172.16.112.100","TCP","60","","1202  >  20 [SYN, ACK] Seq=0 Ack=1 Win=32736 Len=0 MSS=1460"
"708","233.812616","172.16.112.100","135.8.60.182","TCP","60","","20  >  1202 [ACK] Seq=1 Ack=1 Win=8760 Len=0"
"709","233.826819","135.8.60.182","172.16.112.100","TCP","60","","1107  >  21 [ACK] Seq=701 Ack=2117 Win=32120 Len=0"
"712","233.846836","135.8.60.182","172.16.112.100","TCP","60","","1202  >  20 [ACK] Seq=1 Ack=2921 Win=32736 Len=0"
"716","233.856814","135.8.60.182","172.16.112.100","TCP","60","","1202  >  20 [ACK] Seq=1 Ack=7301 Win=32736 Len=0"
"721","233.866821","135.8.60.182","172.16.112.100","TCP","60","","1202  >  20 [ACK] Seq=1 Ack=13141 Win=32736 Len=0"
"725","233.876823","135.8.60.182","172.16.112.100","TCP","60","","1202  >  20 [ACK] Seq=1 Ack=17255 Win=32736 Len=0"
"726","233.877013","172.16.112.100","135.8.60.182","TCP","60","","20  >  1202 [FIN, ACK] Seq=17255 Ack=1 Win=8760 Len=0"
"727","233.877171","172.16.112.100","135.8.60.182","FTP","78","","Response: 226 Transfer complete."
"728","233.877689","135.8.60.182","172.16.112.100","TCP","60","","1202  >  20 [ACK] Seq=1 Ack=17256 Win=32735 Len=0"
"729","233.877883","135.8.60.182","172.16.112.100","TCP","60","","1202  >  20 [FIN, ACK] Seq=1 Ack=17256 Win=32736 Len=0"
"730","233.878016","172.16.112.100","135.8.60.182","TCP","60","","20  >  1202 [ACK] Seq=17256 Ack=2 Win=8760 Len=0"
"731","233.878710","135.8.60.182","172.16.112.100","FTP","79","","Request: PORT 135,8,60,182,4,179"
"732","233.878995","172.16.112.100","135.8.60.182","FTP","84","","Response: 200 PORT command successful."
"733","233.880749","135.8.60.182","172.16.112.100","FTP","70","","Request: RETR Imakefile"
"734","233.896056","172.16.112.100","135.8.60.182","FTP","121","","Response: 150 Opening BINARY mode data connection for Imakefile(883 bytes)."
"735","233.896522","172.16.112.100","135.8.60.182","TCP","60","","20  >  1203 [SYN] Seq=0 Win=8192 Len=0 MSS=1460"
"736","233.897231","135.8.60.182","172.16.112.100","TCP","60","","1203  >  20 [SYN, ACK] Seq=0 Ack=1 Win=32736 Len=0 MSS=1460"
"737","233.897347","172.16.112.100","135.8.60.182","TCP","60","","20  >  1203 [ACK] Seq=1 Ack=1 Win=8760 Len=0"
"738","233.906812","135.8.60.182","172.16.112.100","TCP","60","","1107  >  21 [ACK] Seq=742 Ack=2238 Win=32120 Len=0"
"740","233.926797","135.8.60.182","172.16.112.100","TCP","60","","1203  >  20 [ACK] Seq=1 Ack=884 Win=32736 Len=0"
"741","233.926997","172.16.112.100","135.8.60.182","TCP","60","","20  >  1203 [FIN, ACK] Seq=884 Ack=1 Win=8760 Len=0"
"742","233.927159","172.16.112.100","135.8.60.182","FTP","78","","Response: 226 Transfer complete."
"743","233.927692","135.8.60.182","172.16.112.100","TCP","60","","1203  >  20 [ACK] Seq=1 Ack=885 Win=32735 Len=0"
"744","233.928164","135.8.60.182","172.16.112.100","TCP","60","","1203  >  20 [FIN, ACK] Seq=1 Ack=885 Win=32736 Len=0"
"745","233.928309","172.16.112.100","135.8.60.182","TCP","60","","20  >  1203 [ACK] Seq=885 Ack=2 Win=8760 Len=0"
"746","233.928667","135.8.60.182","172.16.112.100","FTP","79","","Request: PORT 135,8,60,182,4,180"
"747","233.928954","172.16.112.100","135.8.60.182","FTP","84","","Response: 200 PORT command successful."
"748","233.931286","135.8.60.182","172.16.112.100","FTP","75","","Request: RETR localLNK.rules"
"749","233.932720","172.16.112.100","135.8.60.182","FTP","125","","Response: 150 Opening BINARY mode data connection for localLNK.rules(60 bytes)."
"750","233.933184","172.16.112.100","135.8.60.182","TCP","60","","20  >  1204 [SYN] Seq=0 Win=8192 Len=0 MSS=1460"
"751","233.933889","135.8.60.182","172.16.112.100","TCP","60","","1204  >  20 [SYN, ACK] Seq=0 Ack=1 Win=32736 Len=0 MSS=1460"
"752","233.933999","172.16.112.100","135.8.60.182","TCP","60","","20  >  1204 [ACK] Seq=1 Ack=1 Win=8760 Len=0"
"754","233.946798","135.8.60.182","172.16.112.100","TCP","60","","1204  >  20 [ACK] Seq=1 Ack=61 Win=32736 Len=0"
"755","233.946994","135.8.60.182","172.16.112.100","TCP","60","","1107  >  21 [ACK] Seq=788 Ack=2363 Win=32120 Len=0"
"756","233.947063","172.16.112.100","135.8.60.182","TCP","60","","20  >  1204 [FIN, ACK] Seq=61 Ack=1 Win=8760 Len=0"
"757","233.947191","172.16.112.100","135.8.60.182","FTP","78","","Response: 226 Transfer complete."
"758","233.947885","135.8.60.182","172.16.112.100","TCP","60","","1204  >  20 [ACK] Seq=1 Ack=62 Win=32735 Len=0"
"759","233.948080","135.8.60.182","172.16.112.100","TCP","60","","1204  >  20 [FIN, ACK] Seq=1 Ack=62 Win=32736 Len=0"
"760","233.948211","172.16.112.100","135.8.60.182","TCP","60","","20  >  1204 [ACK] Seq=62 Ack=2 Win=8760 Len=0"
"761","233.948503","135.8.60.182","172.16.112.100","FTP","79","","Request: PORT 135,8,60,182,4,181"
"762","233.948788","172.16.112.100","135.8.60.182","FTP","84","","Response: 200 PORT command successful."
"763","233.951370","135.8.60.182","172.16.112.100","FTP","69","","Request: RETR Makefile"
"764","233.952308","172.16.112.100","135.8.60.182","FTP","122","","Response: 150 Opening BINARY mode data connection for Makefile(12709 bytes)."
"765","233.952772","172.16.112.100","135.8.60.182","TCP","60","","20  >  1205 [SYN] Seq=0 Win=8192 Len=0 MSS=1460"
"766","233.953463","135.8.60.182","172.16.112.100","TCP","60","","1205  >  20 [SYN, ACK] Seq=0 Ack=1 Win=32736 Len=0 MSS=1460"
"767","233.953583","172.16.112.100","135.8.60.182","TCP","60","","20  >  1205 [ACK] Seq=1 Ack=1 Win=8760 Len=0"
"768","233.966795","135.8.60.182","172.16.112.100","TCP","60","","1107  >  21 [ACK] Seq=828 Ack=2485 Win=32120 Len=0"
"771","233.976810","135.8.60.182","172.16.112.100","TCP","60","","1205  >  20 [ACK] Seq=1 Ack=2921 Win=32736 Len=0"
"775","233.986791","135.8.60.182","172.16.112.100","TCP","60","","1205  >  20 [ACK] Seq=1 Ack=7301 Win=32736 Len=0"
"780","233.996791","135.8.60.182","172.16.112.100","TCP","60","","1205  >  20 [ACK] Seq=1 Ack=12710 Win=32736 Len=0"
"781","233.996990","172.16.112.100","135.8.60.182","TCP","60","","20  >  1205 [FIN, ACK] Seq=12710 Ack=1 Win=8760 Len=0"
"782","233.997148","172.16.112.100","135.8.60.182","FTP","78","","Response: 226 Transfer complete."
"783","233.997651","135.8.60.182","172.16.112.100","TCP","60","","1205  >  20 [ACK] Seq=1 Ack=12711 Win=32735 Len=0"
"784","233.997846","135.8.60.182","172.16.112.100","TCP","60","","1205  >  20 [FIN, ACK] Seq=1 Ack=12711 Win=32736 Len=0"
"785","233.997983","172.16.112.100","135.8.60.182","TCP","60","","20  >  1205 [ACK] Seq=12711 Ack=2 Win=8760 Len=0"
"786","234.016783","135.8.60.182","172.16.112.100","TCP","60","","1107  >  21 [ACK] Seq=828 Ack=2509 Win=32120 Len=0"
"787","234.258482","172.16.112.20","172.16.112.10","NTP","90","","NTP Version 3, client"
"788","234.258946","172.16.112.10","172.16.112.20","NTP","90","","NTP Version 3, server"
"790","242.776859","172.16.0.1","224.0.0.9","RIPv2","86","","Response"
"791","243.104899","172.16.113.50","172.16.112.10","NTP","90","","NTP Version 3, client"
"792","243.105356","172.16.112.10","172.16.113.50","NTP","90","","NTP Version 3, server"
"793","243.795045","172.16.115.234","172.16.112.100","NBNS","110","","Refresh NB PC0<03>"
"795","244.995753","135.8.60.182","172.16.112.100","FTP","60","","Request: QUIT"
"796","244.996047","172.16.112.100","135.8.60.182","FTP","60","","Response: 221 "
"797","244.996207","172.16.112.100","135.8.60.182","TCP","60","","21  >  1107 [FIN, ACK] Seq=2515 Ack=834 Win=7927 Len=0"
"798","244.996983","135.8.60.182","172.16.112.100","TCP","60","","1107  >  21 [ACK] Seq=834 Ack=2516 Win=32120 Len=0"
"799","244.997178","135.8.60.182","172.16.112.100","TCP","60","","1107  >  21 [FIN, ACK] Seq=834 Ack=2516 Win=32120 Len=0"
"800","244.997323","172.16.112.100","135.8.60.182","TCP","60","","21  >  1107 [ACK] Seq=2516 Ack=835 Win=7927 Len=0"
"801","245.296683","172.16.115.234","172.16.112.100","NBNS","110","","Refresh NB PC0<03>"
"802","246.798333","172.16.115.234","172.16.112.100","NBNS","110","","Refresh NB PC0<03>"
"803","249.249255","172.16.112.50","172.16.112.10","NTP","90","","NTP Version 3, client"
"804","249.249661","172.16.112.10","172.16.112.50","NTP","90","","NTP Version 3, server"
"806","254.696263","172.16.112.100","207.46.130.14","TCP","60","","1051  >  80 [FIN, ACK] Seq=335 Ack=1 Win=8760 Len=0"
"807","254.700146","207.46.130.14","172.16.112.100","TCP","60","","80  >  1051 [ACK] Seq=1 Ack=336 Win=32401 Len=0"
"810","254.705555","172.16.112.100","172.16.112.20","DNS","74","","Standard query 0x0003 A www.remedy.com"
"811","254.706620","172.16.112.20","192.168.1.20","DNS","74","","Standard query 0x4ff6 A www.remedy.com"
"812","254.712683","192.168.1.20","172.16.112.20","DNS","134","","Standard query response 0x4ff6 A www.remedy.com A 205.180.59.42 NS aesop.world.net A 192.168.1.20"
"813","254.713336","172.16.112.20","172.16.112.100","DNS","134","","Standard query response 0x0003 A www.remedy.com A 205.180.59.42 NS aesop.world.net A 192.168.1.20"
"814","254.715567","172.16.112.100","205.180.59.42","TCP","60","","1055  >  80 [SYN] Seq=0 Win=8192 Len=0 MSS=1460"
"816","257.908461","172.16.112.100","205.180.59.42","TCP","60","","[TCP Retransmission] 1055  >  80 [SYN] Seq=0 Win=8192 Len=0 MSS=1460"
"817","257.914829","205.180.59.42","172.16.112.100","TCP","60","","80  >  1055 [SYN, ACK] Seq=0 Ack=1 Win=32736 Len=0 MSS=1460"
"818","257.914941","172.16.112.100","205.180.59.42","TCP","60","","1055  >  80 [ACK] Seq=1 Ack=1 Win=8760 Len=0"
"819","257.915800","172.16.112.100","205.180.59.42","HTTP","317","","GET / HTTP/1.0 "
"820","257.934651","205.180.59.42","172.16.112.100","TCP","60","","80  >  1055 [ACK] Seq=1 Ack=264 Win=32473 Len=0"
"821","261.312817","172.16.112.20","172.16.255.255","RIPv1","66","","Response"
"822","261.313010","172.16.112.20","172.16.118.255","RIPv1","66","","Response"
"824","265.603153","172.16.114.50","172.16.112.10","NTP","90","","NTP Version 3, client"
"825","265.603589","172.16.112.10","172.16.114.50","NTP","90","","NTP Version 3, server"
"826","272.769700","172.16.0.1","224.0.0.9","RIPv2","86","","Response"
"827","274.735440","172.16.112.100","172.16.255.255","BROWSER","247","","Domain/Workgroup Announcement EYRIE, Domain Controller, NT Workstation, Domain Enum"
"829","278.441687","172.16.112.100","172.16.112.10","NTP","90","","NTP Version 1, client"
"830","278.442115","172.16.112.10","172.16.112.100","NTP","90","","NTP Version 1, server"
"832","291.306560","172.16.112.20","172.16.255.255","RIPv1","66","","Response"
"833","291.306753","172.16.112.20","172.16.118.255","RIPv1","66","","Response"
"835","298.245144","172.16.112.20","172.16.112.10","NTP","90","","NTP Version 3, client"
"836","298.245623","172.16.112.10","172.16.112.20","NTP","90","","NTP Version 3, server"
"837","300.265762","172.16.0.1","224.0.0.9","RIPv2","86","","Response"
"838","300.364468","192.168.1.10","172.16.112.10","NTP","90","","NTP Version 3, symmetric active"
"840","307.073367","172.16.113.50","172.16.112.10","NTP","90","","NTP Version 3, client"
"841","307.073818","172.16.112.10","172.16.113.50","NTP","90","","NTP Version 3, server"
"843","313.233425","172.16.112.50","172.16.112.10","NTP","90","","NTP Version 3, client"
"844","313.233798","172.16.112.10","172.16.112.50","NTP","90","","NTP Version 3, server"
"846","321.300309","172.16.112.20","172.16.255.255","RIPv1","66","","Response"
"847","321.300495","172.16.112.20","172.16.118.255","RIPv1","66","","Response"
"849","325.936839","172.16.0.1","224.0.0.9","RIPv2","86","","Response"
"850","329.590063","172.16.114.50","172.16.112.10","NTP","90","","NTP Version 3, client"
"851","329.590511","172.16.112.10","172.16.114.50","NTP","90","","NTP Version 3, server"
"853","338.805520","172.16.112.100","172.16.112.10","NTP","90","","NTP Version 1, client"
"854","338.805944","172.16.112.10","172.16.112.100","NTP","90","","NTP Version 1, server"
"856","351.294073","172.16.112.20","172.16.255.255","RIPv1","66","","Response"
"857","351.294273","172.16.112.20","172.16.118.255","RIPv1","66","","Response"
"858","352.550405","172.16.0.1","224.0.0.9","RIPv2","86","","Response"
"860","362.231806","172.16.112.20","172.16.112.10","NTP","90","","NTP Version 3, client"
"861","362.232266","172.16.112.10","172.16.112.20","NTP","90","","NTP Version 3, server"
"862","363.761334","172.16.115.234","172.16.112.100","NBNS","110","","Refresh NB PC0<03>"
"866","365.262948","172.16.115.234","172.16.112.100","NBNS","110","","Refresh NB PC0<03>"
"867","366.764652","172.16.115.234","172.16.112.100","NBNS","110","","Refresh NB PC0<03>"
"869","371.041951","172.16.113.50","172.16.112.10","NTP","90","","NTP Version 3, client"
"872","371.043487","172.16.112.10","172.16.113.50","NTP","90","","NTP Version 3, server"
"873","373.056412","192.168.1.10","172.16.112.20","DNS","77","","Standard query 0x0f88 A crow.eyrie.af.mil"
"874","373.057470","172.16.112.20","192.168.1.10","DNS","142","","Standard query response 0x0f88 A crow.eyrie.af.mil A 172.16.114.148 NS hobbes.eyrie.af.mil A 172.16.112.20"
"875","373.060988","194.27.251.21","172.16.114.148","TCP","60","","1206  >  21 [SYN] Seq=0 Win=512 Len=0 MSS=1460"
"876","373.061322","172.16.114.148","194.27.251.21","TCP","60","","21  >  1206 [SYN, ACK] Seq=0 Ack=1 Win=32736 Len=0 MSS=1460"
"877","373.064139","194.27.251.21","172.16.114.148","TCP","60","","1206  >  21 [ACK] Seq=1 Ack=1 Win=32120 Len=0"
"878","373.188619","172.16.112.20","192.168.1.20","DNS","86","","Standard query 0x4ff7 PTR 21.251.27.194.in-addr.arpa"
"879","373.193054","192.168.1.20","172.16.112.20","DNS","152","","Standard query response 0x4ff7 No such name PTR 21.251.27.194.in-addr.arpa SOA aesop.world.net"
"881","376.238693","172.16.114.148","194.27.251.21","FTP","163","","Response: 220 hobbes.eyrie.af.mil FTP server (Version wu-2.4.2-academ[BETA-15](1) Sat Nov 1 03:08:32 EST 1997) ready."
"882","376.258325","194.27.251.21","172.16.114.148","TCP","60","","1206  >  21 [ACK] Seq=1 Ack=110 Win=32120 Len=0"
"883","376.589462","194.27.251.21","172.16.114.148","FTP","70","","Request: USER anonymous"
"884","376.607985","172.16.114.148","194.27.251.21","TCP","60","","21  >  1206 [ACK] Seq=110 Ack=17 Win=32736 Len=0"
"885","376.636932","172.16.114.148","194.27.251.21","FTP","122","","Response: 331 Guest login ok, send your complete e-mail address as password."
"886","376.648264","194.27.251.21","172.16.114.148","TCP","60","","1206  >  21 [ACK] Seq=17 Ack=178 Win=32120 Len=0"
"887","377.209074","194.27.251.21","172.16.114.148","FTP","84","","Request: PASS tattonh@gamma.grape.mil"
"888","377.227638","172.16.112.50","172.16.112.10","NTP","90","","NTP Version 3, client"
"889","377.227891","172.16.114.148","194.27.251.21","TCP","60","","21  >  1206 [ACK] Seq=178 Ack=47 Win=32736 Len=0"
"892","377.228704","172.16.112.10","172.16.112.50","NTP","90","","NTP Version 3, server"
"893","377.246893","172.16.114.148","194.27.251.21","FTP","102","","Response: 230 Guest login ok, access restrictions apply."
"894","377.247866","194.27.251.21","172.16.114.148","FTP","60","","Request: SYST"
"895","377.248512","172.16.114.148","194.27.251.21","FTP","73","","Response: 215 UNIX Type: L8"
"896","377.268123","194.27.251.21","172.16.114.148","TCP","60","","1206  >  21 [ACK] Seq=53 Ack=245 Win=32120 Len=0"
"897","378.118760","194.27.251.21","172.16.114.148","FTP","80","","Request: PORT 194,27,251,21,4,183"
"898","378.119041","172.16.114.148","194.27.251.21","FTP","84","","Response: 200 PORT command successful."
"899","378.120029","194.27.251.21","172.16.114.148","FTP","60","","Request: LIST"
"900","378.122111","172.16.114.148","194.27.251.21","TCP","60","","20  >  1207 [SYN] Seq=0 Win=512 Len=0 MSS=1460"
"901","378.122913","194.27.251.21","172.16.114.148","TCP","60","","1207  >  20 [SYN, ACK] Seq=0 Ack=1 Win=32736 Len=0 MSS=1460"
"902","378.123086","172.16.114.148","194.27.251.21","TCP","60","","20  >  1207 [ACK] Seq=1 Ack=1 Win=32120 Len=0"
"903","378.123405","172.16.114.148","194.27.251.21","FTP","107","","Response: 150 Opening ASCII mode data connection for /bin/ls."
"904","378.137909","194.27.251.21","172.16.114.148","TCP","60","","1206  >  21 [ACK] Seq=85 Ack=328 Win=32120 Len=0"
"905","378.265106","172.16.0.1","224.0.0.9","RIPv2","86","","Response"
"907","378.726536","172.16.114.148","194.27.251.21","FTP","78","","Response: 226 Transfer complete."
"908","378.726604","172.16.114.148","194.27.251.21","TCP","60","","20  >  1207 [FIN, ACK] Seq=823 Ack=1 Win=32120 Len=0"
"909","378.727931","194.27.251.21","172.16.114.148","TCP","60","","1207  >  20 [ACK] Seq=1 Ack=824 Win=31913 Len=0"
"910","378.738221","194.27.251.21","172.16.114.148","TCP","60","","1207  >  20 [FIN, ACK] Seq=1 Ack=824 Win=32736 Len=0"
"911","378.738370","172.16.114.148","194.27.251.21","TCP","60","","20  >  1207 [ACK] Seq=824 Ack=2 Win=32120 Len=0"
"912","378.747841","194.27.251.21","172.16.114.148","TCP","60","","1206  >  21 [ACK] Seq=85 Ack=352 Win=32120 Len=0"
"913","379.878820","194.27.251.21","172.16.114.148","FTP","63","","Request: CWD usr"
"914","379.879894","172.16.114.148","194.27.251.21","FTP","83","","Response: 250 CWD command successful."
"915","379.897569","194.27.251.21","172.16.114.148","TCP","60","","1206  >  21 [ACK] Seq=94 Ack=381 Win=32120 Len=0"
"916","380.768385","194.27.251.21","172.16.114.148","FTP","80","","Request: PORT 194,27,251,21,4,187"
"917","380.768893","172.16.114.148","194.27.251.21","FTP","84","","Response: 200 PORT command successful."
"918","380.769891","194.27.251.21","172.16.114.148","FTP","60","","Request: LIST"
"919","380.771976","172.16.114.148","194.27.251.21","TCP","60","","20  >  1211 [SYN] Seq=0 Win=512 Len=0 MSS=1460"
"920","380.772774","194.27.251.21","172.16.114.148","TCP","60","","1211  >  20 [SYN, ACK] Seq=0 Ack=1 Win=32736 Len=0 MSS=1460"
"921","380.772951","172.16.114.148","194.27.251.21","TCP","60","","20  >  1211 [ACK] Seq=1 Ack=1 Win=32120 Len=0"
"922","380.777422","172.16.114.148","194.27.251.21","FTP","107","","Response: 150 Opening ASCII mode data connection for /bin/ls."
"923","380.797377","194.27.251.21","172.16.114.148","TCP","60","","1206  >  21 [ACK] Seq=126 Ack=464 Win=32120 Len=0"
"925","380.824558","172.16.114.148","194.27.251.21","FTP","78","","Response: 226 Transfer complete."
"926","380.824627","172.16.114.148","194.27.251.21","TCP","60","","20  >  1211 [FIN, ACK] Seq=616 Ack=1 Win=32120 Len=0"
"927","380.825749","194.27.251.21","172.16.114.148","TCP","60","","1211  >  20 [ACK] Seq=1 Ack=617 Win=32120 Len=0"
"928","380.832554","194.27.251.21","172.16.114.148","TCP","60","","1211  >  20 [FIN, ACK] Seq=1 Ack=617 Win=32736 Len=0"
"929","380.832710","172.16.114.148","194.27.251.21","TCP","60","","20  >  1211 [ACK] Seq=617 Ack=2 Win=32120 Len=0"
"930","380.837385","194.27.251.21","172.16.114.148","TCP","60","","1206  >  21 [ACK] Seq=126 Ack=488 Win=32120 Len=0"
"931","381.287681","172.16.112.20","172.16.255.255","RIPv1","66","","Response"
"932","381.287855","172.16.112.20","172.16.118.255","RIPv1","66","","Response"
"933","382.037787","194.27.251.21","172.16.114.148","FTP","64","","Request: CWD bin3"
"934","382.045334","172.16.114.148","194.27.251.21","FTP","83","","Response: 250 CWD command successful."
"935","382.057127","194.27.251.21","172.16.114.148","TCP","60","","1206  >  21 [ACK] Seq=136 Ack=517 Win=32120 Len=0"
